1,2020-07-25 11:09:46,57,magna bibendum imperdiet nullam orci pede venenatis non sodales,in faucibus orci luctus et ultrices posuere cubilia curae mauris viverra diam vitae quam suspendisse potenti,eleifend pede libero quis orci nullam molestie nibh in lectus pellentesque at nulla,s--s--r--h-r,10,101
2,2020-07-07 09:45:29,80,etiam vel augue vestibulum rutrum rutrum neque aenean,pretium iaculis diam erat fermentum justo nec condimentum neque sapien placerat ante nulla justo aliquam quis turpis,nulla eget eros elementum pellentesque quisque porta volutpat erat quisque erat eros viverra eget congue eget semper rutrum nulla nunc,s--s--r--h-r,15,102
3,2020-09-06 00:03:37,36,ut at dolor quis odio,mollis molestie lorem quisque ut erat curabitur gravida nisi at,dolor sit amet consectetuer adipiscing elit proin interdum mauris non ligula pellentesque ultrices phasellus id sapien in,s--s--r--h-r,15,103
4,2020-08-16 06:24:41,32,accumsan tellus nisi eu orci,sit amet justo morbi ut odio cras mi pede malesuada in imperdiet,a suscipit nulla elit ac nulla sed vel enim sit amet nunc viverra dapibus nulla suscipit ligula in,s--s--r--h-r,10,104
5,2020-09-23 22:42:25,68,a libero nam dui proin leo odio porttitor id consequat,porta volutpat quam pede lobortis ligula sit amet eleifend pede libero quis orci nullam molestie nibh in lectus,at turpis donec posuere metus vitae ipsum aliquam non mauris morbi,s--s--r--h-r,14,105
6,2020-07-04 09:15:37,89,non velit donec diam neque vestibulum eget,nulla suscipit ligula in lacus curabitur at ipsum ac tellus semper interdum,praesent lectus vestibulum quam sapien varius ut blandit non interdum in ante vestibulum,s--s--r--h-r,13,106
7,2020-07-24 18:09:54,89,nullam orci pede venenatis non sodales sed tincidunt,primis in faucibus orci luctus et ultrices posuere cubilia curae mauris,donec pharetra magna vestibulum aliquet ultrices erat tortor sollicitudin mi sit amet lobortis sapien sapien non,s--s--r--h-r,11,107
8,2020-08-01 22:31:39,76,est congue elementum in hac habitasse platea dictumst morbi vestibulum,duis ac nibh fusce lacus purus aliquet at feugiat non pretium,pharetra magna ac consequat metus sapien ut nunc vestibulum ante ipsum primis in faucibus orci luctus,s--s--r--h-r,9,108
9,2020-06-07 15:31:29,38,non velit donec diam neque vestibulum eget vulputate,massa quis augue luctus tincidunt nulla mollis molestie lorem quisque ut erat curabitur gravida nisi at nibh,morbi odio odio elementum eu interdum eu tincidunt in leo maecenas pulvinar lobortis,s--s--r--h-r,13,109
10,2020-08-05 13:57:24,31,id ligula suspendisse ornare,magnis dis parturient montes nascetur ridiculus mus etiam vel augue vestibulum rutrum rutrum neque aenean auctor gravida sem praesent,magna bibendum imperdiet nullam orci pede venenatis non sodales sed tincidunt eu felis fusce posuere felis sed,s--s--r--h-r,7,110
